Territory,X co-ordinate,Y co-ordinate
Gibralta,21.881889,20.522461
Ascension,-14.43468,14.106445
St. Helena,-22.552147,19.6875
Tristan da Cunha,-38.099983,18.852539
Pitcairn,-27.137368,-72.355957
Falkland Islands,-46.468133,-12.941895
Montserrat,4.784469,-17.402344
Anguilla,7.928675,-19.879336
British Virgin Islands,8.55924,-23.862305
Turks and Caicos,11.630716,-29.729004
Cayman Islands,7.776309,-36.254883
Bermunda,20.427013,-22.214355